City,x,y
1,5.5e-08,9.86e-09
2,-28.8733,-7.98e-08
3,-79.2916,-21.4033
4,-14.6577,-43.3896
5,-64.7473,21.8982
6,-29.0585,-43.2167
7,-72.0785,0.181581
8,-36.0366,-21.6135
9,-50.4808,7.37447
10,-50.5859,-21.5882
11,-0.135819,-28.7293
12,-65.0866,-36.0625
13,-21.4983,7.31942
14,-57.5687,-43.2506
15,-43.07,14.5548
